,city,lat,temp,humidity,clouds,wind,date
0,ribeira grande,38.52,75.27,96,88,9.51,1538096114
1,rikitea,-23.12,72.21,100,76,15.77,1538096114
2,esperance,10.24,75.2,94,20,4.59,1538092800
3,amderma,-34.42,57.27,93,92,11.41,1538096115
4,hermanus,-53.16,41.85,60,0,5.82,1538092800
5,punta arenas,-9.8,79.05,100,0,10.74,1538096115
6,atuona,71.64,28.56,100,0,8.5,1538096116
7,tiksi,18.69,76.89,24,32,5.48,1538096116
8,bilma,-0.74,75.2,69,75,19.46,1538092800
9,puerto ayora,-23.58,79.14,50,0,10.18,1538096116
10,bluff,63.59,48.2,49,75,2.24,1538092800
11,mayo,-6.13,67.26,97,12,5.14,1538096117
12,mbuji-mayi,42.65,58.77,77,90,1.68,1538092440
13,albany,43.27,64.4,82,0,1.12,1538094600
14,bereda,-16.7,76.62,100,88,9.73,1538096118
15,fare,63.05,46.11,92,92,16.67,1538096118
16,beringovskiy,65.61,32,100,92,26.4,1538092200
17,tasiilaq,40.36,60.69,89,0,3.36,1538096118
18,belmonte,30.04,74.86,84,90,5.82,1538093700
19,nome,54.78,59,62,75,3.36,1538092800
20,smithers,27.87,68,64,75,16.11,1538092800
21,barentsburg,13.22,77,94,75,18.34,1538094900
22,adrar,45.36,55.47,83,1,3.36,1538094900
23,bathsheba,53.15,55.02,89,0,18.45,1538096120
24,dibaya,-46.19,54.66,85,12,8.72,1538096120
25,saint-philippe,73.51,40.26,92,64,15.99,1538096120
26,vawkavysk,15.34,70.32,96,44,2.57,1538096120
27,mataura,-28.55,57.36,96,92,1.45,1538096121
28,vaitupu,20.87,84.54,97,12,18.57,1538096121
29,dikson,-33.21,53.94,67,68,8.39,1538096114
30,vaini,14.9,79.32,96,0,15.21,1538096121
31,oranjemund,59.7,42.8,87,75,4.47,1538092800
32,celestun,77.48,16.95,100,36,3.91,1538096122
33,jamestown,-2.57,84.99,100,8,9.17,1538096122
34,sao filipe,46.37,53.6,71,20,2.13,1538094600
35,nikolskoye,-42.88,53.6,40,75,17.22,1538094600
36,qaanaaq,3.07,84.54,100,0,7.94,1538096122
37,kavieng,35.73,67.15,82,40,3.36,1538092800
38,darmanesti,-54.81,48.2,31,0,8.05,1538092800
39,hobart,50.68,51.42,90,0,3.13,1538096123
40,butaritari,47.26,46.92,57,64,9.06,1538096123
41,hasaki,6.8,78.8,94,0,6.93,1538092800
42,ushuaia,64.42,48.2,70,75,13.42,1538092800
43,severo-kurilsk,71.97,31.08,96,100,17,1538096124
44,tokmak,39.95,68,46,1,9.17,1538092380
45,georgetown,-34.58,78.8,24,0,17.22,1538092800
46,chagda,-8.76,83.73,71,48,2.13,1538096125
47,provideniya,-0.6,80.49,100,76,23.82,1538096125
48,saskylakh,39.45,59,54,75,8.05,1538092200
49,kodiak,-46.28,53.76,78,0,6.93,1538096126
50,flinders,31.31,72.81,88,90,3.13,1538094900
51,boca do acre,68.75,45.12,68,68,7.61,1538096126
52,hithadhoo,21.35,80.71,74,90,6.93,1538094600
53,saint george,19.71,80.89,63,20,14.99,1538092560
54,kaitangata,28.66,73.4,78,0,9.17,1538094600
55,mys shmidta,43.21,55.56,76,90,4.7,1538094900
56,taolanaro,-13.85,80.58,90,0,10.74,1538096127
57,alexandria,47.8,46.4,52,90,4.47,1538092800
58,cherskiy,27.97,81.84,49,0,10.63,1538096128
59,makakilo city,63.01,37.65,96,68,2.91,1538096128
60,hilo,-9.17,74.91,95,68,1.01,1538096128
61,tumannyy,35.03,52.05,98,24,2.68,1538096129
62,los llanos de aridane,-33.64,52.59,100,20,19.69,1538096129
63,rock falls,37.5,70.41,100,80,13.42,1538096129
64,alyangula,19.55,77,88,75,4.7,1538092800
65,zhezkazgan,15.8,60.69,94,76,1.57,1538096130
66,guerrero negro,39.62,54.93,87,90,11.41,1538095860
67,sinkat,-30.65,41.52,32,0,3.13,1538096130
68,chernyshevskiy,53.95,45.12,92,12,13.65,1538096130
69,aripuana,46.45,49.08,81,0,2.91,1538096130
70,yuncheng,66.77,34.68,89,8,6.04,1538096130
71,busselton,60.7,36.21,77,32,6.93,1538096131
72,weihai,71.98,36.84,97,0,14.76,1538096131
73,mao,65.95,27.12,83,20,5.59,1538096131
74,nenton,31.13,53.31,79,0,2.35,1538096131
75,palabuhanratu,53.19,44.49,89,0,13.42,1538096132
76,vardo,29.04,65.01,80,8,3.02,1538096132
77,de aar,-22.97,77,83,75,12.75,1538092800
78,roslavl,-33.93,57.2,100,90,21.92,1538092800
79,vostok,-33.02,68.61,100,0,13.42,1538096132
80,zhigansk,22.89,84.2,74,75,3.36,1538091960
81,ivdel,-15.77,86,51,40,8.05,1538094600
82,khatanga,39.31,64.98,82,90,11.41,1538094240
83,aykhal,22.08,84.2,84,75,16.11,1538092560
84,devgarh,35.25,69.8,68,20,4.7,1538092800
85,kamenka,62.45,33.8,64,90,12.75,1538092800
86,yining,46.21,47.28,85,80,2.46,1538096133
87,arraial do cabo,-9.2,73.29,72,80,3.69,1538096134
88,cape town,-0.42,74.19,91,8,2.68,1538096134
89,saleaula,10.57,82.38,100,80,9.4,1538096134
90,east london,-34.53,64.4,63,92,13.87,1538092800
91,cabo san lucas,39.42,59,54,75,8.05,1538092200
92,kununurra,41.42,61.5,94,80,2.57,1538096135
93,port elizabeth,-28.98,68.43,100,0,4.7,1538096135
94,kapaa,-10.62,78.06,98,48,13.42,1538096135
95,hurghada,12.18,83.64,89,8,12.08,1538096135
96,hikone,69.44,30.2,92,90,23.04,1538092800
97,yellowknife,-30.97,41.43,49,0,6.93,1538096136
98,saint-prosper,-42.78,53.6,40,75,17.22,1538094600
99,bukama,-26.65,55.2,83,8,16.55,1538096136
100,japura,-30.17,65.82,98,80,8.39,1538096136
101,kavaratti,44.76,39.2,80,0,2.35,1538094600
102,bredasdorp,8.96,50.43,77,12,6.6,1538096137
103,chara,7.1,73.74,97,92,3.13,1538096137
104,saldanha,-19.55,70.14,100,100,23.26,1538096137
105,bagotville,-20.34,71.6,78,40,11.41,1538092800
106,samarai,28.97,67.08,75,0,4.03,1538096138
107,san policarpo,-21.21,80.6,78,75,4.7,1538092800
108,tuktoyaktuk,-45.58,45.37,93,90,4.7,1538092800
109,carnarvon,28.39,80.6,39,40,9.17,1538091600
110,new norfolk,47.59,48.97,93,0,4.7,1538094600
111,luderitz,49.72,41,93,90,8.05,1538092800
112,cidreira,6.75,76.08,100,92,5.7,1538096140
113,veliko gradiste,34.1,83.01,80,75,9.17,1538094840
114,lebu,-8.93,76.08,65,0,2.35,1538096140
115,ondo,-2.76,81.66,71,0,17.78,1538096140
116,isangel,55.1,30.2,68,90,12.75,1538095500
117,marcona,23.99,66.2,68,90,5.82,1538092020
118,bambous virieux,-43.03,53.6,40,75,17.22,1538094600
119,quzhou,-20.41,71.6,78,40,11.41,1538092800
120,avarua,-38.31,51.69,76,92,12.64,1538096142
121,coihaique,-20.01,78.8,54,0,6.93,1538092800
122,lazaro cardenas,18.39,67.95,28,0,5.7,1538092800
123,bengkulu,64.57,22.53,97,76,2.57,1538096142
124,saint-louis,-26.98,69.96,91,20,3.36,1538096142
125,geraldton,69.22,35.6,69,76,16.11,1538092200
126,robertsport,-29.65,55.83,93,0,2.35,1538096143
127,belushya guba,-4.34,82.38,98,0,13.53,1538096143
128,san gabriel,72.79,33.33,100,0,20.24,1538096144
129,airai,-33.59,65.46,90,0,11.18,1538096144
130,tutoia,-25.17,61.41,86,20,2.57,1538096144
131,la ronge,55.74,28.4,79,75,4.7,1538092800
132,constitucion,63.84,40.05,86,75,10.29,1538092800
133,margate,60.72,46.4,61,90,8.05,1538092800
134,mahebourg,35.74,66.96,73,20,5.82,1538092800
135,barrow,-34.67,78.8,24,0,17.22,1538092800
136,bowen,17.52,87.8,66,75,4.7,1538091600
137,faya,50.41,40.44,84,0,2.46,1538096146
138,ust-nera,-2.02,85.08,96,0,8.5,1538096146
139,san patricio,-9.67,75.2,88,0,5.82,1538092800
140,ilulissat,61.35,43.14,73,68,6.49,1538096146
141,kushmurun,70.62,38.37,96,92,15.1,1538096146
142,wahran,20.93,75.2,78,0,18.34,1538092800
143,edendale,52.47,55.4,87,12,10.29,1538094060
144,kokopo,-11.1,62.04,85,20,5.03,1538096147
145,upernavik,41.96,60.8,93,75,3.36,1538092800
146,olafsvik,48.76,55.4,66,90,11.41,1538092800
147,port alfred,35.3,62.94,90,0,3.58,1538096147
148,beloha,-35.1,59.52,61,100,5.59,1538096148
149,thompson,-7.84,62.6,88,20,10.29,1538092800
150,grindavik,6.62,78.8,83,20,2.24,1538092800
151,whitehorse,70.24,32,100,88,8.05,1538092200
152,malwan,30.93,68,77,0,6.71,1538092800
153,nishihara,13.18,78.96,100,24,10.4,1538096149
154,kiama,39.89,59.16,78,0,3.36,1538095925
155,petatlan,-13.19,69.42,63,0,14.09,1538096149
156,semey,70.86,36.75,100,88,12.41,1538096149
157,lorengau,-32.49,60.8,59,44,13.87,1538092800
158,maceio,39.39,57.13,85,1,3.36,1538094900
159,bollnas,22.48,80.6,74,20,8.05,1538092200
160,chokurdakh,37.17,75.18,44,0,8.61,1538096150
161,nouadhibou,20.52,77.79,29,0,7.38,1538096150
162,broome,59.79,50,61,92,21.92,1538094000
163,hualmay,50.29,53.04,73,0,3.58,1538096151
164,khani,50.7,62.6,67,40,8.05,1538092800
165,iroquois falls,13.07,77,94,75,18.34,1538094900
166,abu samrah,-29.95,53.6,87,75,3.36,1538092800
167,kaeo,-16.92,84.2,45,40,17.22,1538094600
168,chicama,-20.58,68.34,100,68,5.48,1538096152
169,ikorodu,45.6,59.99,87,0,3.36,1538094600
170,oksfjord,42.44,29.19,76,0,1.9,1538096152
171,yingcheng,60.75,48.09,42,64,2.57,1538096152
172,gunjur,32.3,77,73,40,9.17,1538092500
173,navalmoral de la mata,45.76,50.85,87,0,5.82,1538094000
174,ambilobe,33.93,66.2,72,20,5.82,1538092800
175,berlevag,68.06,44.04,68,92,8.05,1538096153
176,port augusta,66.15,25.05,83,0,10.74,1538096153
177,marshall,-20.73,87.8,16,0,13.87,1538094600
178,camajuani,-3.9,80.6,78,20,16.11,1538092800
179,phan rang,-34.61,49.08,95,0,3.47,1538096007
180,sitka,-28.95,68.43,88,0,3.91,1538096155
181,atar,68.05,39.9,97,92,12.75,1538096155
182,gravdal,4.42,77.88,100,92,9.95,1538096155
183,talakan,-2.92,78.42,78,0,17,1538096155
184,port hardy,51.57,51.06,90,24,9.17,1538096156
185,oistins,42.5,60.75,66,40,8.05,1538094960
186,coquimbo,-40.81,47.01,92,92,12.19,1538096156
187,cairns,15.74,85.66,74,75,2.13,1538091960
188,nosy varika,39.84,42.87,99,0,2.91,1538096156
189,souillac,4.94,80.6,88,0,4.7,1538094600
190,dukat,3.66,75.2,73,75,8.05,1538092800
191,haines junction,-46.13,50.25,95,20,11.97,1538096157
192,hamilton,5.2,75.54,90,56,3.91,1538096157
193,arona,-1.67,56.91,96,48,3.13,1538096158
194,katsuura,53.13,48.09,79,0,2.57,1538096158
195,bilibino,29.94,75.11,100,20,3.36,1538093700
196,pangnirtung,-34.72,56.46,89,36,15.21,1538096158
197,da nang,-13.79,71.31,46,0,3.36,1538096158
198,mount isa,64.25,40.98,100,0,7.49,1538096159
199,aquiraz,46.91,51.39,61,1,2.46,1538092560
200,san rafael,63.29,43.32,86,80,3.58,1538096159
201,codrington,66.94,30.63,100,92,2.68,1538096159
202,ostrovnoy,-31.43,68,60,0,6.93,1538092800
203,tabou,-12.97,65.82,47,0,5.14,1538096159
204,itarema,30.3,71.22,90,8,2.35,1538096160
205,korop,-46.43,46.74,76,36,11.74,1538096160
206,dubuque,-6.34,75.72,33,0,10.4,1538096160
207,viedma,10.59,77.61,91,88,6.6,1538096160
208,pochutla,-0.39,59,62,20,10.29,1538092800
209,jermuk,46.68,49.48,89,1,3.36,1538092560
210,yanchukan,34.18,69.26,79,1,8.05,1538093700
211,cayenne,37.14,73.4,73,0,5.82,1538094600
212,dagua,15.09,84.2,74,40,9.17,1538092800
213,tuatapere,65.44,40.26,90,80,6.6,1538096162
214,saltpond,41.19,49.44,80,0,3.47,1538095962
215,goma,50.14,41.79,67,80,16.44,1538096162
216,tokur,20.89,79,74,40,2.13,1538093880
217,algiers,55.26,44.6,81,75,3.36,1538093820
218,port lincoln,37.72,73.4,94,40,3.36,1538094600
219,cavalcante,25.52,72.93,97,92,2.46,1538096164
220,hofn,17.01,75.2,83,75,3.36,1538092200
221,plaster rock,14.6,84.2,94,75,6.71,1538092800
222,nyurba,52.64,46.11,92,0,12.41,1538096085
223,sisimiut,-0.87,81.84,100,20,4.59,1538096165
224,port macquarie,-36.83,57.18,100,0,7.38,1538096165
225,ndola,6.12,78.24,100,48,7.38,1538096166
226,sanaur,62.53,27.3,77,80,3.47,1538096166
227,mar del plata,45.43,38.28,81,0,3.47,1538096166
228,mpanda,-17.73,80.6,57,75,6.93,1538094900
229,san joaquin,5.35,76.71,89,20,14.2,1538096167
230,san cristobal,60.82,39.2,51,75,21.92,1538092800
231,presque isle,18.74,84.54,20,92,3.69,1538096167
232,plainview,34.64,66.33,93,90,9.17,1538094900
233,lagoa,60.4,44.33,60,56,4.7,1538094000
234,amapa,-8.35,73.02,100,0,4.92,1538096168
235,ust-tsilma,-21.35,72.48,92,0,20.13,1538096168
236,gazojak,2.92,69.6,97,80,3.02,1538096168
237,moosomin,37.73,73.4,94,40,3.36,1538094600
238,mekhelta,-16.48,77.88,100,68,10.4,1538096168
239,kahului,6.21,64.38,98,88,2.01,1538096169
240,clairmont,41.14,66.38,5,90,17.22,1538092800
241,ziyamet,-0.51,59,62,20,10.29,1538092800
242,vila franca do campo,44.08,55.38,76,1,5.82,1538092800
243,krasnoselkup,18.62,75.99,72,12,0.89,1538096170
244,tura,5.93,84.18,92,36,5.59,1538096170
245,salalah,41.28,59.92,93,40,8.05,1538094900
246,san juan,-6.22,80.4,94,12,12.19,1538096170
247,bokino,43.32,55.4,82,75,4.7,1538092800
248,bidduang,-3.54,82.29,96,0,17.22,1538096171
249,of,7.38,72.66,98,64,7.49,1538096171
250,manokwari,60.79,57.02,54,40,18.34,1538092380
251,whitianga,41.53,64.83,93,20,2.24,1538094600
252,hambantota,45.62,53.6,93,90,5.82,1538092800
253,grand centre,-14.45,79.59,72,20,5.48,1538096172
254,omsukchan,54.28,47.5,81,44,4.7,1538092200
255,kropotkin,-11.2,69.06,100,12,5.03,1538096173
256,tautira,-2.08,65.82,97,88,1.01,1538096173
257,hobyo,66.82,41.34,98,20,4.92,1538096173
258,hay river,50.4,43.56,45,20,19.46,1538092800
259,arlit,-34.85,59,54,40,17.22,1538094600
260,lompoc,29.06,73.4,78,0,12.75,1538094600
261,brae,-4.1,76.44,69,0,7.72,1538096174
262,ambulu,43.56,58.24,76,0,4.7,1538094600
263,poya,-45.41,46.83,72,32,8.72,1538096175
264,ebolowa,65.58,43.95,93,48,15.66,1538096175
265,ponta delgada,-7.4,63.21,91,44,2.68,1538096175
266,qingan,63.45,41.16,78,80,5.59,1538096175
267,faanui,32.45,78.6,76,75,10.29,1538094900
268,kumbo,7.93,50.79,100,32,3.47,1538096176
269,cheyenne,-3.4,66.9,98,92,6.15,1538096176
270,machachi,0.53,80.94,100,76,26.28,1538096176
271,shelburne,61.81,37.4,100,75,6.71,1538092800
272,coahuayana,34.92,69.8,83,0,9.17,1538094600
273,maimbung,-3.2,82.47,68,0,4.7,1538096177
274,nantucket,38.08,71.6,64,40,6.93,1538092800
275,kieta,67.46,31.89,83,88,5.59,1538096177
276,nemuro,2.04,78.33,100,68,10.96,1538096177
277,majene,-21.55,71.94,94,92,22.59,1538096178
278,yaan,-21.64,76.89,93,0,25.61,1538096178
279,bethel,61.01,44.67,100,92,21.14,1538096178
280,barcelos,-9.65,78.78,77,0,7.16,1538096178
281,port hawkesbury,21.85,77.61,100,0,20.13,1538096178
282,nortelandia,-42.48,49.26,98,92,8.05,1538096179
283,scarborough,-34,56.82,92,0,1.57,1538096179
284,sumbe,52.87,49.98,71,0,4.14,1538096179
285,sungaipenuh,56.08,37.92,98,76,3.02,1538096180
286,kharp,14.69,81.21,76,0,2.68,1538096180
287,moose jaw,-3.55,84.18,72,8,2.68,1538096180
288,palmer,65.8,47.55,97,92,10.18,1538096180
289,teguise,-2.54,78.69,72,0,2.68,1538096181
290,mancora,68.82,35.6,69,76,16.11,1538092200
291,saint-joseph,58.97,51.24,64,24,6.71,1538096181
292,samusu,54.32,59,87,40,5.82,1538095020
293,te anau,60.5,39.45,94,76,12.53,1538096181
294,lavrentiya,7.62,72.39,98,92,4.47,1538096182
295,mikumi,17.54,80.6,83,75,4.7,1538092800
296,verkhnevilyuysk,-24.59,66.72,59,20,4.36,1538096182
297,statesboro,-20.22,64.4,72,75,10.29,1538092800
298,ziway,63.83,41.95,86,75,18.34,1538092200
299,voi,-14.4,79.59,70,24,4.03,1538096182
300,thinadhoo,68.36,33.8,69,75,6.93,1538092800
301,kortkeros,55.93,34.05,100,92,6.38,1538096183
302,lasa,65.28,39.2,60,40,14.99,1538092800
303,altamira,9.96,75.2,100,20,7.16,1538092800
304,ryotsu,42.77,62.6,100,90,2.24,1538094600
305,srednekolymsk,16.89,87.8,58,0,2.24,1538092800
306,mogadishu,60.06,60.69,59,68,9.51,1538096184
307,tadine,2.67,82.11,100,68,26.51,1538096184
308,sao joao da barra,9.19,70.14,98,100,5.93,1538096185
309,vytegra,-5.81,78.78,92,12,1.9,1538096185
310,wa,59.65,52.41,94,92,3.36,1538096185
311,waingapu,24.79,66.09,81,48,3.13,1538096185
312,yangjiang,65.85,41.34,99,92,5.03,1538096185
313,castro,69.7,46.38,85,0,16.44,1538096186
314,kruisfontein,11.67,82.11,100,0,6.6,1538096186
315,changying,46.31,48.2,61,0,11.18,1538092800
316,chunskiy,32.94,73.4,60,1,9.17,1538093700
317,gat,31.35,75.2,69,0,10.29,1538092800
318,wewak,47.61,54.12,97,44,12.97,1538096187
319,yunjinghong,9.21,77,94,40,3.36,1538092800
320,turukhansk,-3.3,83.91,69,12,4.03,1538096187
321,labuhan,58.42,42.78,100,92,3.58,1538096187
322,qasigiannguit,61.8,39.2,93,8,2.24,1538094000
323,tommot,48.28,47.28,67,80,9.62,1538095974
324,prince rupert,4.14,77.97,100,8,4.92,1538096188
325,tarnogskiy gorodok,-6.14,58.17,90,8,7.38,1538096188
326,mattru,46.84,49.8,100,92,3.02,1538096188
327,san quintin,53.8,48.36,94,36,7.94,1538096188
328,thabazimbi,0.08,75.45,88,24,2.46,1538096189
329,iquique,25.21,78.87,94,32,10.07,1538096189
330,hovd,-21.16,74.64,93,32,8.95,1538096189
331,diamantino,-0.72,77.43,97,24,8.95,1538096189
332,inuvik,49.6,47.46,100,92,4.47,1538096190
333,illoqqortoormiut,46.54,53.85,100,0,5.37,1538096190
334,kichera,16.08,76.62,95,24,3.02,1538096190
335,norman wells,48.03,45.84,59,64,9.95,1538096190
336,ranong,45.52,83.7,30,1,9.17,1538092380
337,muros,-41.87,50.34,98,92,7.05,1538096190
338,jizan,47.66,59,93,90,12.75,1538092800
339,gornopravdinsk,68.22,33.8,69,75,6.93,1538092800
340,kudahuvadhoo,-21.68,61.68,97,0,2.68,1538096191
341,kissidougou,21.05,82.4,78,75,9.17,1538091600
342,manicore,18.53,84.2,70,75,12.08,1538092080
343,kondinskoye,-4.22,80.58,86,36,2.46,1538096192
344,lianzhou,40.29,33.33,51,0,2.13,1538096192
345,mezen,17.62,73.56,97,24,3.13,1538096192
346,lolua,16.38,78.8,78,90,4.7,1538092380
347,pevek,52.25,44.49,79,0,4.59,1538096192
348,port blair,65.61,51.96,96,64,17.22,1538096193
349,elista,-1.57,77.52,100,92,8.95,1538096193
350,lovington,47.55,57.2,93,90,4.59,1538094600
351,marsa matruh,60.14,40.71,91,92,22.7,1538096193
352,burgeo,7.76,70.59,98,92,3.36,1538096194
353,canita,-20.21,71.6,78,40,11.41,1538092800
354,manacapuru,48.95,53.24,71,0,6.93,1538094600
355,plyussa,54.11,48.63,88,68,6.93,1538096195
356,kankaanpaa,69.47,35.6,69,36,12.75,1538094000
357,pokrovsk,78.22,24.8,68,20,17.22,1538092200
358,meulaboh,27.52,96.8,32,5,5.82,1538091780
359,gairo,61.4,42.69,82,44,6.71,1538096196
360,balkhash,36.36,51.8,81,0,2.24,1538094600
361,westport,8.18,72.84,96,24,5.93,1538096197
362,nueva loja,38.18,70.7,77,0,6.93,1538094600
363,ormara,21.43,74.64,63,0,5.03,1538096197
364,nioaque,3.87,80.22,78,36,3.02,1538096197
365,port-gentil,-20.07,74.55,77,0,5.93,1538096197
366,manzhouli,-8.15,82.56,91,68,13.2,1538096198
367,svetlaya,-22.46,62.6,9,0,12.75,1538092800
368,kyaikkami,-16.84,74.82,63,0,6.6,1538096198
369,almaznyy,49.22,50.34,89,48,2.46,1538096198
370,portland,11.72,80.49,100,80,15.77,1538096199
371,ancud,59.06,45.21,83,0,3.13,1538096199
372,torbay,-33.69,60.78,84,92,15.99,1538096199
373,aklavik,5.28,84.22,88,75,5.59,1538094600
374,beroroha,65.42,38.1,96,92,9.06,1538096200
375,teya,5.26,75.54,95,64,7.61,1538096200
376,frontera,67.55,32.79,88,0,8.05,1538096200
377,haibowan,5.92,77.88,100,48,11.18,1538096200
378,ambunti,38.94,35.85,45,0,8.61,1538096201
379,yumen,-43.3,46.65,82,80,15.1,1538096201
380,mahbubabad,-14.91,46.4,65,75,14.99,1538092800
381,champerico,-20.63,70.5,72,44,3.69,1538096202
382,klyuchi,-17.73,77.07,100,8,16.78,1538096202
383,staryy nadym,0.52,73.47,98,92,2.13,1538096202
384,omboue,60.91,41,86,92,19.46,1538092200
385,ambon,56.13,42.8,81,0,11.18,1538092800
386,nanortalik,51.56,37.4,74,75,10.29,1538092800
387,nzerekore,50.84,57.2,76,90,12.75,1538094420
388,quatre cocos,-0.92,78.24,100,20,3.91,1538095917
389,saint-pierre,67.55,27.21,82,8,7.05,1538096203
390,ballina,22.62,69.69,75,0,3.02,1538096203
391,karasjok,20.79,69.96,87,0,3.47,1538096204
392,ransang,-8.47,67.08,49,0,5.37,1538096204
393,longyearbyen,62.2,46.4,61,68,14.99,1538094000
394,laguna,54.44,42.87,77,0,2.68,1538096204
395,mokhsogollokh,70.98,37.11,100,56,10.74,1538096204
396,constantine,5.33,77,94,75,3.36,1538092800
397,oga,32.3,97.72,14,1,3.36,1538092680
398,fortuna,34.68,69.8,64,20,3.36,1538092800
399,mecca,5.24,73.74,92,20,5.59,1538096205
400,inirida,-33.44,59,62,75,6.93,1538092800
401,charters towers,34.88,80.62,91,1,6.93,1538092620
402,buala,38.42,44.13,65,12,6.6,1538096206
403,attawapiskat,25.62,74.64,87,0,2.13,1538096206
404,calama,49.78,46.4,75,75,3.36,1538092800
405,mocuba,-30.55,48.9,70,0,2.01,1538096206
406,poronaysk,26.54,84.45,92,8,14.09,1538096207
407,pandan,32.65,71.6,78,20,16.11,1538094600
408,kargasok,1.62,70.59,87,0,1.45,1538096207
409,chuy,-5.2,77.79,86,88,14.09,1538096208
410,victoria,-10.07,64.29,70,8,3.36,1538096208
411,halalo,31.03,73.4,53,0,18.34,1538092800
412,maniitsoq,36.08,73.83,86,0,4.14,1538096208
413,mumford,27.21,75.2,16,0,4.7,1538092800
414,komsomolskiy,55.71,39.63,78,0,2.57,1538096209
415,keta,1.33,87.8,55,20,3.36,1538094600
416,zhangye,-2.68,76.35,88,0,4.14,1538096209
417,rawson,29.74,76.01,62,1,6.93,1538092560
418,azangaro,-22.12,53.49,100,0,6.49,1538096209
419,warqla,-23.78,72.48,95,36,12.64,1538096012
420,asau,41.81,62.6,100,90,3.36,1538094600
421,ruatoria,27.93,63.84,84,0,2.01,1538096210
422,umzimvubu,-8.65,82.4,69,20,4.7,1538094600
423,ponta do sol,-8.28,81.39,87,36,2.01,1538096210
424,caravelas,25.87,77.29,97,90,4.7,1538094300
425,kisangani,23.99,75.81,100,92,3.36,1538096211
426,narsaq,43.88,55.4,66,20,11.18,1538092800
427,grand river south east,70.63,41.16,100,64,20.8,1538096020
428,gorbatov,26.05,78.51,79,75,8.05,1538094300
429,kamsack,20.2,80.58,37,76,8.5,1538096212
430,sicamous,18.45,80.73,79,40,10.29,1538092560
431,padang,-8.75,77,88,75,1.12,1538092800
432,verkhoyansk,64.9,39.09,100,92,5.37,1538096213
433,muli,54.44,39.27,96,92,11.18,1538096213
434,kodinar,50.1,40.89,81,90,6.93,1538094360
435,kaputa,33.33,79.41,26,0,6.93,1538093700
436,larsnes,35.84,66.2,48,20,21.92,1538093700
437,listvyanskiy,-31.63,53.67,88,80,2.01,1538096214
438,honningsvag,48.68,40.26,73,0,3.58,1538096214
439,kuala terengganu,55.6,51.24,79,0,10.96,1538096214
440,catalina foothills,56.86,58.98,58,64,14.99,1538096215
441,nara,4.95,77.16,99,68,10.51,1538096215
442,tucuma,40.8,66.58,41,1,17.22,1538093700
443,grand-lahou,37.77,95.97,21,75,9.17,1538092500
444,santiago,-20.45,69.78,95,88,9.95,1538096216
445,havelock,63.75,28.4,74,90,18.34,1538092800
446,shache,15.79,76.17,94,48,2.57,1538096074
447,tindwari,-0.49,74.01,93,44,2.01,1538096217
448,rawannawi,46.08,41.79,82,0,7.49,1538096217
449,chapais,51.22,46.94,81,8,4.7,1538094000
450,kokstad,30.67,68.52,88,64,4.03,1538096217
451,labutta,24.63,77,12,0,2.24,1538092800
452,freeport,69.38,42.24,90,12,13.65,1538096218
453,ribeira brava,-20.56,77.34,63,12,12.64,1538096218
454,florencia,-0.9,70.59,85,36,1.9,1538096218
455,touros,-3.71,80.6,78,20,16.11,1538092800
456,huarmey,39.51,54.66,57,0,1.45,1538096219
457,zabol,16.99,84.2,79,75,6.93,1538092080
458,anamur,0.12,82.92,93,0,6.93,1538096219
459,vestbygda,63.86,40.8,69,68,7.38,1538096135
460,iranshahr,68.54,32.52,96,88,5.14,1538096220
461,yurga,18.9,79.68,32,8,3.91,1538096220
462,tomohon,-5.09,72.66,70,0,9.17,1538096220
463,pangkalanbuun,28.46,84.99,70,90,5.82,1538094900
464,galle,38.25,80.06,46,1,11.41,1538094900
465,henties bay,62.49,39.96,86,20,6.49,1538094000
466,ilhabela,48.81,27.66,77,24,6.38,1538096222
467,vila praia de ancora,52.35,47.55,98,92,6.38,1538096222
468,tezu,6.51,70.95,92,12,8.16,1538096222
469,denpasar,61.99,41.25,93,92,41.83,1538096222
470,tamandare,-34.48,59.52,73,88,13.53,1538096223
471,matamoros,58.6,28.11,86,0,2.35,1538096223
472,pueblo nuevo,46.68,35.58,82,88,15.21,1538096223
473,changchun,7.24,77,94,20,3.36,1538092800
474,batsfjord,-24.79,77.27,53,40,2.24,1538092800
475,nuevo progreso,40.8,53.8,82,1,8.05,1538094900
476,tessalit,58.45,47.64,96,92,3.69,1538096224
477,barceloneta,30.3,77.31,53,1,3.02,1538093700
478,porto velho,13.6,75.81,57,0,3.58,1538096224
479,leshukonskoye,40.56,62.6,82,90,14.99,1538092800
480,bagdarin,50.2,41,86,20,2.24,1538092800
481,sioux lookout,33.08,71.6,78,75,20.8,1538094600
482,ruidoso,16.77,80.04,45,8,3.91,1538096225
483,marsaxlokk,-35.66,59.07,98,100,10.74,1538096226
484,illapel,54.46,49.89,92,92,9.51,1538096226
485,atasu,37.57,63.18,48,75,11.41,1538094600
486,sargatskoye,52.54,48.2,93,0,11.18,1538092800
487,aromashevo,22.57,83.28,93,12,4.47,1538096226
488,sassandra,10.6,41.97,85,0,2.01,1538096227
489,lincoln,61.17,55.4,66,0,6.71,1538092800
490,korla,46.09,51.73,62,0,2.24,1538094600
491,oakdale,-9.47,84.2,51,40,16.11,1538092860
492,ribas do rio pardo,50.71,51.76,71,20,6.93,1538092200
493,iqaluit,52.04,44.6,100,0,4.47,1538092800
494,san jose,35.6,27.93,75,0,2.46,1538096228
495,owando,37.67,52.14,93,76,2.46,1538096228
496,belaya glina,-19.06,80.6,69,75,11.41,1538092800
497,ludenscheid,51.81,49.62,74,24,10.63,1538096229
498,chizhou,11.04,75.81,75,0,2.68,1538096230
499,riyadh,25.02,77.97,100,36,3.91,1538096230
500,leningradskiy,48.65,57.99,88,92,6.15,1538096230
501,koumac,-14.66,65.91,77,48,1.9,1538096231
502,palu,63.79,56.46,63,44,16.22,1538096231
503,vila velha,20.71,84.2,74,90,2.24,1538091900
504,balkanabat,69.49,42.42,89,88,7.38,1538096231
505,qabis,-26.79,70.86,91,0,7.94,1538096231
506,paradwip,-28.51,71.13,86,12,7.05,1538096232
507,tecoanapa,47.23,46.11,54,32,9.06,1538096232
508,bontang,18.46,77,94,40,6.15,1538092800
509,vuktyl,35.19,68,72,20,3.36,1538092800
510,belaya gora,-5.97,86.79,32,36,8.39,1538096233
511,araouane,36.3,75.88,94,90,4.7,1538094900
512,paita,61.28,40.53,97,48,2.68,1538096233
513,fevralsk,32.72,74.03,59,1,3.36,1538093700
514,spring hill,-8.19,63.3,88,48,2.68,1538096234
515,fairfield,25.67,66.36,83,0,2.68,1538096234
516,timra,12.96,69.8,94,40,4.7,1538094600
517,bulgan,9.45,76.26,86,80,9.95,1538096234
518,vershino-darasunskiy,-38.55,51.87,78,100,12.19,1538096234
519,bouca,56.17,46.4,100,75,2.35,1538092800
